{
  "results": [
    {
      "command": "./madvise advice_normal   read_seq       ./big-file",
      "mean": 0.19179028560000003,
      "stddev": 0.006527282764526447,
      "median": 0.192418861,
      "user": 0.10540008000000001,
      "system": 0.08544122,
      "min": 0.18130162800000002,
      "max": 0.200790709,
      "times": [
        0.19465327300000002,
        0.192536327,
        0.19767118800000003,
        0.18226244800000002,
        0.188722828,
        0.198320815,
        0.192301395,
        0.18130162800000002,
        0.18934224500000002,
        0.200790709
      ],
      "exit_codes": [
        0,
        0,
        0,
        0,
        0,
        0,
        0,
        0,
        0,
        0
      ]
    },
    {
      "command": "./madvise advice_seq      read_seq       ./big-file",
      "mean": 0.23565080389999998,
      "stddev": 0.00932121684683939,
      "median": 0.2324632225,
      "user": 0.12568307999999997,
      "system": 0.10817612000000001,
      "min": 0.22835267500000003,
      "max": 0.259488394,
      "times": [
        0.23746226000000004,
        0.259488394,
        0.23072905800000001,
        0.22841349900000002,
        0.22835267500000003,
        0.24187407400000002,
        0.232298254,
        0.23135737400000003,
        0.23390426000000003,
        0.232628191
      ],
      "exit_codes": [
        0,
        0,
        0,
        0,
        0,
        0,
        0,
        0,
        0,
        0
      ]
    },
    {
      "command": "./madvise advice_random   read_seq       ./big-file",
      "mean": 0.2561159214,
      "stddev": 0.014691326212705054,
      "median": 0.261147845,
      "user": 0.14341798,
      "system": 0.10922072000000001,
      "min": 0.23203467300000002,
      "max": 0.273651786,
      "times": [
        0.266447173,
        0.258028607,
        0.24767492500000002,
        0.237668332,
        0.24436201800000001,
        0.23203467300000002,
        0.264267083,
        0.273651786,
        0.27176875699999997,
        0.26525586
      ],
      "exit_codes": [
        0,
        0,
        0,
        0,
        0,
        0,
        0,
        0,
        0,
        0
      ]
    },
    {
      "command": "./madvise advice_willneed read_seq       ./big-file",
      "mean": 0.2405092368,
      "stddev": 0.009272242209905244,
      "median": 0.239449231,
      "user": 0.13732478,
      "system": 0.10174612000000001,
      "min": 0.22757499900000003,
      "max": 0.259116792,
      "times": [
        0.247121628,
        0.231036175,
        0.238721902,
        0.24031816300000003,
        0.24936737700000003,
        0.236591502,
        0.23506727000000002,
        0.22757499900000003,
        0.24017656,
        0.259116792
      ],
      "exit_codes": [
        0,
        0,
        0,
        0,
        0,
        0,
        0,
        0,
        0,
        0
      ]
    },
    {
      "command": "./madvise advice_dontneed read_seq       ./big-file",
      "mean": 0.24047426240000003,
      "stddev": 0.011597959911744702,
      "median": 0.238858772,
      "user": 0.14268608,
      "system": 0.09612621999999998,
      "min": 0.22754242700000002,
      "max": 0.262210166,
      "times": [
        0.237742211,
        0.25573197799999997,
        0.22942918800000003,
        0.235244834,
        0.22883740900000002,
        0.22754242700000002,
        0.262210166,
        0.239975333,
        0.247223683,
        0.24080539500000003
      ],
      "exit_codes": [
        0,
        0,
        0,
        0,
        0,
        0,
        0,
        0,
        0,
        0
      ]
    },
    {
      "command": "./madvise advice_normal   read_random    ./big-file",
      "mean": 0.24553342530000005,
      "stddev": 0.01029851320714207,
      "median": 0.24125461550000002,
      "user": 0.14868868,
      "system": 0.09479622,
      "min": 0.23690738200000003,
      "max": 0.269209484,
      "times": [
        0.258206708,
        0.269209484,
        0.24025573800000002,
        0.238491836,
        0.24629438500000003,
        0.23928721400000003,
        0.23690738200000003,
        0.24007734100000003,
        0.24435067200000002,
        0.24225349300000001
      ],
      "exit_codes": [
        0,
        0,
        0,
        0,
        0,
        0,
        0,
        0,
        0,
        0
      ]
    },
    {
      "command": "./madvise advice_seq      read_random    ./big-file",
      "mean": 0.24628545630000004,
      "stddev": 0.011094236886290935,
      "median": 0.24321575500000003,
      "user": 0.14232097999999996,
      "system": 0.10250932000000001,
      "min": 0.23526407800000002,
      "max": 0.274321676,
      "times": [
        0.240266306,
        0.23756485300000002,
        0.242580066,
        0.242168761,
        0.24385144400000003,
        0.24918056600000002,
        0.274321676,
        0.24495265000000002,
        0.252704163,
        0.23526407800000002
      ],
      "exit_codes": [
        0,
        0,
        0,
        0,
        0,
        0,
        0,
        0,
        0,
        0
      ]
    },
    {
      "command": "./madvise advice_random   read_random    ./big-file",
      "mean": 0.21164931850000004,
      "stddev": 0.007469614765701486,
      "median": 0.21207162000000002,
      "user": 0.12659068,
      "system": 0.08441731999999999,
      "min": 0.200337111,
      "max": 0.22197254300000002,
      "times": [
        0.21580810000000003,
        0.20499296800000003,
        0.206953234,
        0.22197254300000002,
        0.22180695600000003,
        0.21543257400000002,
        0.215427255,
        0.20504645900000001,
        0.200337111,
        0.20871598500000002
      ],
      "exit_codes": [
        0,
        0,
        0,
        0,
        0,
        0,
        0,
        0,
        0,
        0
      ]
    },
    {
      "command": "./madvise advice_willneed read_random    ./big-file",
      "mean": 0.2168341219,
      "stddev": 0.010926383337426387,
      "median": 0.21398655900000002,
      "user": 0.13034618,
      "system": 0.08504842,
      "min": 0.20660390900000003,
      "max": 0.23297465700000003,
      "times": [
        0.20799836600000002,
        0.23297465700000003,
        0.21706819300000002,
        0.21729608000000003,
        0.21090492500000002,
        0.20665004400000003,
        0.20703682900000003,
        0.23061001200000003,
        0.20660390900000003,
        0.23119820400000002
      ],
      "exit_codes": [
        0,
        0,
        0,
        0,
        0,
        0,
        0,
        0,
        0,
        0
      ]
    },
    {
      "command": "./madvise advice_dontneed read_random    ./big-file",
      "mean": 0.21727076450000005,
      "stddev": 0.009820464629166302,
      "median": 0.21839318550000003,
      "user": 0.13380127999999997,
      "system": 0.08268171999999999,
      "min": 0.20176815500000003,
      "max": 0.231580948,
      "times": [
        0.20515770000000003,
        0.231580948,
        0.22258141400000003,
        0.22278585100000003,
        0.20176815500000003,
        0.21420495700000003,
        0.22473631100000002,
        0.21073837800000003,
        0.21253874100000003,
        0.22661519000000002
      ],
      "exit_codes": [
        0,
        0,
        0,
        0,
        0,
        0,
        0,
        0,
        0,
        0
      ]
    },
    {
      "command": "./madvise advice_normal   read_backwards ./big-file",
      "mean": 0.21602361400000003,
      "stddev": 0.013386352134535973,
      "median": 0.2162845995,
      "user": 0.12570588,
      "system": 0.08927882000000001,
      "min": 0.197227377,
      "max": 0.236417062,
      "times": [
        0.20157845300000002,
        0.21735150800000003,
        0.20036493500000002,
        0.22519350200000002,
        0.21521769100000002,
        0.236417062,
        0.22581745400000003,
        0.21140735700000002,
        0.197227377,
        0.22966080100000003
      ],