{
  "results": [
    {
      "command": "./madvise advice_normal   read_seq       ./big-file",
      "mean": 0.22884348670000004,
      "stddev": 0.03054710807568631,
      "median": 0.21461995390000002,
      "user": 0.13510821999999997,
      "system": 0.09198964,
      "min": 0.20680866990000002,
      "max": 0.2910906419,
      "times": [
        0.2780829989,
        0.20680866990000002,
        0.2910906419,
        0.23253128290000002,
        0.21266629890000002,
        0.21657360890000002,
        0.20864344890000003,
        0.2108067999,
        0.2083978599,
        0.22283325690000003
      ],
      "exit_codes": [
        0,
        0,
        0,
        0,
        0,
        0,
        0,
        0,
        0,
        0
      ]
    },
    {
      "command": "./madvise advice_seq      read_seq       ./big-file",
      "mean": 0.21572729390000003,
      "stddev": 0.008594568924560194,
      "median": 0.21529286940000003,
      "user": 0.12857011999999995,
      "system": 0.08533184,
      "min": 0.2058416909,
      "max": 0.23349512890000002,
      "times": [
        0.21728394890000002,
        0.20939808090000003,
        0.2098439159,
        0.22125062390000003,
        0.21794435090000003,
        0.2058416909,
        0.22251113790000002,
        0.2133017899,
        0.23349512890000002,
        0.20640227090000002
      ],
      "exit_codes": [
        0,
        0,
        0,
        0,
        0,
        0,
        0,
        0,
        0,
        0
      ]
    },
    {
      "command": "./madvise advice_random   read_seq       ./big-file",
      "mean": 0.22980430110000002,
      "stddev": 0.009922705197669177,
      "median": 0.2312482119,
      "user": 0.13610171999999998,
      "system": 0.09185283999999999,
      "min": 0.2149140009,
      "max": 0.24295739090000001,
      "times": [
        0.24295739090000001,
        0.23431855290000003,
        0.2302555719,
        0.2149140009,
        0.21681511990000002,
        0.23471630790000003,
        0.24287101190000002,
        0.22919691690000002,
        0.23224085190000002,
        0.21975728590000002
      ],
      "exit_codes": [
        0,
        0,
        0,
        0,
        0,
        0,
        0,
        0,
        0,
        0
      ]
    },
    {
      "command": "./madvise advice_willneed read_seq       ./big-file",
      "mean": 0.2518272666,
      "stddev": 0.04775934831033167,
      "median": 0.23766652540000002,
      "user": 0.14502701999999998,
      "system": 0.10348624,
      "min": 0.2014472619,
      "max": 0.3367232629,
      "times": [
        0.2014472619,
        0.2897237749,
        0.23722796790000003,
        0.2648078639,
        0.22447368090000003,
        0.3367232629,
        0.23810508290000001,
        0.3135500089,
        0.21048986490000002,
        0.20172389690000003
      ],
      "exit_codes": [
        0,
        0,
        0,
        0,
        0,
        0,
        0,
        0,
        0,
        0
      ]
    },
    {
      "command": "./madvise advice_dontneed read_seq       ./big-file",
      "mean": 0.21697729650000003,
      "stddev": 0.010337712422107218,
      "median": 0.21250930990000003,
      "user": 0.13018671999999998,
      "system": 0.08568624000000001,
      "min": 0.2060439769,
      "max": 0.23400671190000003,
      "times": [
        0.23160588190000003,
        0.20991152590000003,
        0.22644662590000003,
        0.20765105690000002,
        0.20906968290000003,
        0.22001888290000002,
        0.23400671190000003,
        0.21253419190000003,
        0.21248442790000002,
        0.2060439769
      ],
      "exit_codes": [
        0,
        0,
        0,
        0,
        0,
        0,
        0,
        0,
        0,
        0
      ]
    },
    {
      "command": "./madvise advice_normal   read_random    ./big-file",
      "mean": 0.2239562732,
      "stddev": 0.013683036615995485,
      "median": 0.2199083679,
      "user": 0.13767991999999998,
      "system": 0.08509614,
      "min": 0.2099997429,
      "max": 0.2538413099,
      "times": [
        0.2209140119,
        0.2099997429,
        0.23217607290000003,
        0.22206964290000003,
        0.21542030490000003,
        0.21514104490000002,
        0.2189027239,
        0.2125958139,
        0.23850206390000003,
        0.2538413099
      ],
      "exit_codes": [
        0,
        0,
        0,
        0,
        0,
        0,
        0,
        0,
        0,
        0
      ]
    },
    {
      "command": "./madvise advice_seq      read_random    ./big-file",
      "mean": 0.23936979819999998,
      "stddev": 0.018799438548102572,
      "median": 0.2414526569,
      "user": 0.15077232000000002,
      "system": 0.08650954000000001,
      "min": 0.20553401790000003,
      "max": 0.2770393789,
      "times": [
        0.24073762890000003,
        0.21817180490000002,
        0.2415702369,
        0.2501702139,
        0.23458340290000002,
        0.24278180590000004,
        0.2770393789,
        0.2417744149,
        0.24133507690000003,
        0.20553401790000003
      ],
      "exit_codes": [
        0,
        0,
        0,
        0,
        0,
        0,
        0,
        0,
        0,
        0
      ]
    },
    {
      "command": "./madvise advice_random   read_random    ./big-file",
      "mean": 0.23220268550000003,
      "stddev": 0.02179353329505153,
      "median": 0.23280605240000002,
      "user": 0.14245452,
      "system": 0.08734314000000001,
      "min": 0.21192556190000003,
      "max": 0.2856975889,
      "times": [
        0.22013969690000001,
        0.2379014429,
        0.23021985690000002,
        0.2856975889,
        0.23539224790000002,
        0.21226090890000002,
        0.23641727790000003,
        0.23864902790000003,
        0.21192556190000003,
        0.21342324490000003
      ],
      "exit_codes": [
        0,
        0,
        0,
        0,
        0,
        0,
        0,
        0,
        0,
        0
      ]
    },
    {
      "command": "./madvise advice_willneed read_random    ./big-file",
      "mean": 0.2538412476,
      "stddev": 0.05684771629540288,
      "median": 0.2341709509,
      "user": 0.14553742,
      "system": 0.10578273999999999,
      "min": 0.2096854559,
      "max": 0.3770741279,
      "times": [
        0.2096854559,
        0.21029981290000002,
        0.22708312790000001,
        0.3352508279,
        0.3770741279,
        0.24125877390000003,
        0.25390618789999997,
        0.21730831590000002,
        0.2468822159,
        0.21966362990000002
      ],
      "exit_codes": [
        0,
        0,
        0,
        0,
        0,
        0,
        0,
        0,
        0,
        0
      ]
    },
    {
      "command": "./madvise advice_dontneed read_random    ./big-file",
      "mean": 0.22120146170000005,
      "stddev": 0.013622158044972275,
      "median": 0.21817927990000002,
      "user": 0.13011721999999998,
      "system": 0.08914244,
      "min": 0.20508152590000003,
      "max": 0.24391544990000003,
      "times": [
        0.2268705719,
        0.24080799890000001,
        0.22823213490000002,
        0.21327738290000003,
        0.2118982819,
        0.2055727109,
        0.2210463729,
        0.24391544990000003,
        0.20508152590000003,
        0.2153121869
      ],
      "exit_codes": [
        0,
        0,
        0,
        0,
        0,
        0,
        0,
        0,
        0,
        0
      ]
    },
    {
      "command": "./madvise advice_normal   read_backwards ./big-file",
      "mean": 0.23698673280000007,
      "stddev": 0.0485095811205034,
      "median": 0.21828731040000002,
      "user": 0.13409252,
      "system": 0.10037093999999999,
      "min": 0.1993223379,
      "max": 0.3325091329,