{
  "results": [
    {
      "command": "./fadvise advice_normal   read_seq       ./2G",
      "mean": 2.48936101022,
      "stddev": 0.18092080912532088,
      "median": 2.56148469912,
      "user": 0.5743029999999999,
      "system": 1.7852499000000002,
      "min": 2.14918053112,
      "max": 2.65705410812,
      "times": [
        2.14918053112,
        2.1528382371199997,
        2.56471051812,
        2.57429327412,
        2.65705410812,
        2.54828227912,
        2.5541584031199998,
        2.55825888012,
        2.5691366751199998,
        2.56569719612
      ],
      "exit_codes": [
        0,
        0,
        0,
        0,
        0,
        0,
        0,
        0,
        0,
        0
      ]
    },
    {
      "command": "./fadvise advice_seq      read_seq       ./2G",
      "mean": 2.74916093362,
      "stddev": 0.19832782151932288,
      "median": 2.84680198162,
      "user": 0.5589955999999999,
      "system": 1.9611341999999996,
      "min": 2.44960716312,
      "max": 2.93257845512,
      "times": [
        2.4914806281199997,
        2.44960716312,
        2.4620006221199997,
        2.80137273812,
        2.85379741612,
        2.93257845512,
        2.87775224412,
        2.92941610612,
        2.84736023012,
        2.84624373312
      ],
      "exit_codes": [
        0,
        0,
        0,
        0,
        0,
        0,
        0,
        0,
        0,
        0
      ]
    },
    {
      "command": "./fadvise advice_random   read_seq       ./2G",
      "mean": 35.92315458242,
      "stddev": 1.1199325191257024,
      "median": 35.46608374912,
      "user": 0.6369290999999999,
      "system": 5.6941416,
      "min": 35.181733481120006,
      "max": 38.89720847812,
      "times": [
        35.181733481120006,
        35.457423458120005,
        35.412787979120004,
        35.44991812512,
        35.47474404012,
        35.69853700312,
        35.368606120120006,
        35.62834822412,
        36.66223891512,
        38.89720847812
      ],
      "exit_codes": [
        0,
        0,
        0,
        0,
        0,
        0,
        0,
        0,
        0,
        0
      ]
    },
    {
      "command": "./fadvise advice_willneed read_seq       ./2G",
      "mean": 3.4401560293199998,
      "stddev": 0.3088780191595474,
      "median": 3.5796626636199997,
      "user": 0.662971,
      "system": 2.5013142,
      "min": 2.82438872012,
      "max": 3.64497847612,
      "times": [
        2.82438872012,
        2.8907889931199997,
        3.58926204512,
        3.57513452212,
        3.52755028012,
        3.56635838212,
        3.60971586212,
        3.58919220712,
        3.64497847612,
        3.58419080512
      ],
      "exit_codes": [
        0,
        0,
        0,
        0,
        0,
        0,
        0,
        0,
        0,
        0
      ]
    },
    {
      "command": "./fadvise advice_dontneed read_seq       ./2G",
      "mean": 3.7808643433199998,
      "stddev": 0.361032356619762,
      "median": 3.85896960012,
      "user": 0.8842048,
      "system": 2.6408374,
      "min": 2.92853697412,
      "max": 4.2883431861200005,
      "times": [
        2.92853697412,
        3.81759738812,
        3.88976213412,
        3.84249544512,
        3.59716699112,
        3.6031574271199998,
        3.87544375512,
        4.2883431861200005,
        3.89348193812,
        4.072658194120001
      ],
      "exit_codes": [
        0,
        0,
        0,
        0,
        0,
        0,
        0,
        0,
        0,
        0
      ]
    }
  ]
}
