{
  "results": [
    {
      "command": "./fadvise advice_normal   read_seq       ./2G",
      "mean": 1.1906393071,
      "stddev": 0.4893693769368463,
      "median": 1.0165123772,
      "user": 0.21770604000000002,
      "system": 0.68359672,
      "min": 0.7445793007000001,
      "max": 2.1445601937,
      "times": [
        2.1445601937,
        0.7445793007000001,
        0.9771427467000001,
        0.9730011267,
        2.0604140917,
        1.0409314426999998,
        1.0477606727,
        1.0112182177,
        1.0218065367,
        0.8849787417000001
      ],
      "exit_codes": [
        0,
        0,
        0,
        0,
        0,
        0,
        0,
        0,
        0,
        0
      ]
    },
    {
      "command": "./fadvise advice_normal   read_random    ./2G",
      "mean": 4.2146262046,
      "stddev": 0.6905290994818701,
      "median": 3.9041363617,
      "user": 0.24558284000000002,
      "system": 1.2455356199999996,
      "min": 3.7610157667,
      "max": 5.919020592700001,
      "times": [
        4.5712639157,
        3.7757013027,
        3.9011188957,
        3.8396332476999997,
        3.9071538276999997,
        3.7610157667,
        3.9081106637,
        3.8208989477,
        5.919020592700001,
        4.742344885700001
      ],
      "exit_codes": [
        0,
        0,
        0,
        0,
        0,
        0,
        0,
        0,
        0,
        0
      ]
    },
    {
      "command": "./fadvise advice_normal   read_backwards ./2G",
      "mean": 12.5330406472,
      "stddev": 1.657955356760565,
      "median": 12.0430538912,
      "user": 0.32806584,
      "system": 2.36527582,
      "min": 11.207268150700001,
      "max": 15.9365521407,
      "times": [
        12.404798726700001,
        11.5947158387,
        11.2597421047,
        11.207268150700001,
        12.4848434217,
        11.2346585597,
        12.1139034907,
        11.9722042917,
        15.9365521407,
        15.1217197467
      ],
      "exit_codes": [
        0,
        0,
        0,
        0,
        0,
        0,
        0,
        0,
        0,
        0
      ]
    }
  ]
}
